{
  "modules": [
    {
      "title": "Lists",
      "description": "In this module, you'll learn about lists in Python - ordered, mutable collections that allow duplicate elements.",
      "topics": [
        {
          "title": "List Creation",
          "videoUrl": "videos/list_creation.mp4",
          "description": "Lists are created using square brackets. They can contain any data type and can be modified after creation.",
          "codeExample": "thislist = [\"apple\", \"banana\", \"cherry\"]\nprint(thislist)  # Output: ['apple', 'banana', 'cherry']"
        },
        {
          "title": "List Properties",
          "videoUrl": "videos/list_properties.mp4",
          "description": "Lists are ordered, changeable, and allow duplicate values. Items have a defined sequence that is preserved.",
          "codeExample": "# Ordered - items have a defined order\nfruits = [\"apple\", \"banana\", \"cherry\"]\nprint(fruits[0])  # Output: apple\n\n# Changeable - can modify after creation\nfruits[0] = \"orange\"\nprint(fruits)  # Output: ['orange', 'banana', 'cherry']\n\n# Allow duplicates\nfruits = [\"apple\", \"banana\", \"apple\"]\nprint(fruits)  # Output: ['apple', 'banana', 'apple']"
        },
        {
          "title": "List Indexing",
          "videoUrl": "videos/list_indexing.mp4",
          "description": "Lists support both positive indexing (starting at 0) and negative indexing (starting at -1 for the last element).",
          "codeExample": "thislist = [\"apple\", \"banana\", \"cherry\"]\nprint(thislist[1])   # Output: banana (positive indexing)\nprint(thislist[-1])  # Output: cherry (negative indexing)"
        },
        {
          "title": "List Length",
          "videoUrl": "videos/list_length.mp4",
          "description": "Use the len() function to get the number of items in a list.",
          "codeExample": "thislist = [\"apple\", \"banana\", \"cherry\"]\nprint(len(thislist))  # Output: 3"
        },
        {
          "title": "Data Types in Lists",
          "videoUrl": "videos/list_data_types.mp4",
          "description": "Lists can contain any data type or a mix of different data types.",
          "codeExample": "mixed_list = [10, \"hello\", True, 3.14]\nprint(mixed_list)  # Output: [10, 'hello', True, 3.14]"
        },
        {
          "title": "Accessing List Items",
          "videoUrl": "videos/list_accessing.mp4",
          "description": "Access ranges of items using slicing [start:end] and check if an item exists using the 'in' keyword.",
          "codeExample": "numbers = [1, 2, 3, 4, 5]\n\n# Slice from index 1 to 3 (excludes end)\nprint(numbers[1:3])  # Output: [2, 3]\n\n# Check if 4 exists in the list\nprint(4 in numbers)  # Output: True"
        },
        {
          "title": "Modifying Lists",
          "videoUrl": "videos/list_modifying.mp4",
          "description": "Change items by assigning to a specific index or change a range of items by assigning to a slice.",
          "codeExample": "fruits = [\"apple\", \"banana\", \"cherry\"]\n\n# Change the first item\nfruits[0] = \"orange\"\nprint(fruits)  # Output: [\"orange\", \"banana\", \"cherry\"]\n\n# Replace items 1-2\nfruits[1:3] = [\"grape\", \"mango\"]\nprint(fruits)  # Output: [\"orange\", \"grape\", \"mango\"]"
        },
        {
          "title": "Adding List Items",
          "videoUrl": "videos/list_adding.mp4",
          "description": "Add items to a list using append(), insert(), or extend() methods.",
          "codeExample": "fruits = [\"apple\"]\n\nfruits.append(\"banana\")  # ['apple', 'banana']\nfruits.insert(1, \"kiwi\")  # ['apple', 'kiwi', 'banana']\nfruits.extend([\"mango\", \"cherry\"])  # ['apple', 'kiwi', 'banana', 'mango', 'cherry']\n\nprint(fruits)"
        },
        {
          "title": "Removing List Items",
          "videoUrl": "videos/list_removing.mp4",
          "description": "Remove items from a list using remove(), pop(), or clear() methods.",
          "codeExample": "fruits = [\"apple\", \"banana\", \"cherry\"]\n\nfruits.remove(\"banana\")  # Removes \"banana\"\nprint(fruits)  # Output: ['apple', 'cherry']\n\nfruits.pop(0)  # Removes \"apple\"\nprint(fruits)  # Output: ['cherry']\n\nfruits.clear()  # Empties the list\nprint(fruits)  # Output: []"
        },
        {
          "title": "Looping Through Lists",
          "videoUrl": "videos/list_looping.mp4",
          "description": "Iterate through lists using for loops or create new lists with list comprehensions.",
          "codeExample": "fruits = [\"apple\", \"banana\", \"cherry\"]\n\n# For loop\nfor fruit in fruits:\n    print(fruit)\n\n# List comprehension (capitalize all)\ncapitalized = [fruit.upper() for fruit in fruits]\nprint(capitalized)  # Output: [\"APPLE\", \"BANANA\", \"CHERRY\"]"
        },
        {
          "title": "List Methods",
          "videoUrl": "videos/list_methods.mp4",
          "description": "Python provides several built-in methods to work with lists, including append(), clear(), copy(), count(), extend(), index(), insert(), pop(), remove(), reverse(), and sort().",
          "codeExample": "fruits = [\"apple\", \"banana\", \"cherry\", \"banana\"]\n\n# Count occurrences of \"banana\"\nprint(fruits.count(\"banana\"))  # Output: 2\n\n# Find index of \"cherry\"\nprint(fruits.index(\"cherry\"))  # Output: 2\n\n# Reverse the list\nfruits.reverse()\nprint(fruits)  # Output: ['banana', 'cherry', 'banana', 'apple']\n\n# Sort the list\nfruits.sort()\nprint(fruits)  # Output: ['apple', 'banana', 'banana', 'cherry']"
        }
      ]
    },
    {
      "title": "Tuples",
      "description": "In this module, you'll learn about tuples in Python - ordered, immutable collections that allow duplicate elements.",
      "topics": [
        {
          "title": "Tuple Creation",
          "videoUrl": "videos/tuple_creation.mp4",
          "description": "Tuples are created using parentheses or the tuple() constructor. They are immutable, meaning they cannot be changed after creation.",
          "codeExample": "# Using parentheses\nfruits = (\"apple\", \"banana\", \"cherry\")\nprint(fruits)  # Output: (\"apple\", \"banana\", \"cherry\")\n\n# Using tuple() constructor\ncolors = tuple((\"red\", \"green\", \"blue\"))\nprint(colors)  # Output: (\"red\", \"green\", \"blue\")\n\n# Single-item tuple (requires trailing comma)\nsingle = (\"apple\",)\nprint(type(single))  # Output: <class 'tuple'>"
        },
        {
          "title": "Tuple Properties",
          "videoUrl": "videos/tuple_properties.mp4",
          "description": "Tuples are ordered, unchangeable, and allow duplicate values. Once created, their contents cannot be modified.",
          "codeExample": "# Ordered - items have a defined order\nfruits = (\"apple\", \"banana\", \"cherry\")\nprint(fruits[0])  # Output: apple\n\n# Unchangeable - cannot modify after creation\n# This would cause an error:\n# fruits[0] = \"orange\"\n\n# Allow duplicates\nfruits = (\"apple\", \"banana\", \"apple\")\nprint(fruits)  # Output: (\"apple\", \"banana\", \"apple\")"
        },
        {
          "title": "Tuple Indexing",
          "videoUrl": "videos/tuple_indexing.mp4",
          "description": "Like lists, tuples support both positive and negative indexing to access elements.",
          "codeExample": "my_tuple = (\"apple\", \"banana\", \"cherry\")\n\n# Access second item\nprint(my_tuple[1])    # Output: \"banana\"\n\n# Access last item\nprint(my_tuple[-1])   # Output: \"cherry\""
        },
        {
          "title": "Tuple Length",
          "videoUrl": "videos/tuple_length.mp4",
          "description": "Use the len() function to get the number of items in a tuple.",
          "codeExample": "fruits = (\"apple\", \"banana\", \"cherry\")\nprint(len(fruits))   # Output: 3"
        },
        {
          "title": "Data Types in Tuples",
          "videoUrl": "videos/tuple_data_types.mp4",
          "description": "Tuples can contain any data type or a mix of different data types.",
          "codeExample": "mixed_tuple = (10, \"hello\", True, 3.14)\nprint(mixed_tuple)  # Output: (10, 'hello', True, 3.14)"
        },
        {
          "title": "Accessing Tuple Items",
          "videoUrl": "videos/tuple_accessing.mp4",
          "description": "Access ranges of items using slicing [start:end] and check if an item exists using the 'in' keyword.",
          "codeExample": "letters = (\"a\", \"b\", \"c\", \"d\", \"e\")\n\n# Slice from index 1 to 3 (excludes end)\nprint(letters[1:3])   # Output: (\"b\", \"c\")\n\n# Check if \"d\" exists in the tuple\nprint(\"d\" in letters)   # Output: True"
        },
        {
          "title": "Immutability Restriction",
          "videoUrl": "videos/tuple_immutability.mp4",
          "description": "Tuples cannot be modified after creation. To modify a tuple, you must convert it to a list, make changes, then convert back to a tuple.",
          "codeExample": "fruits = (\"apple\", \"banana\", \"cherry\")\n\n# This will cause an error:\n# fruits[0] = \"orange\"\n\n# Workaround: Convert to list > modify > convert back\nfruit_list = list(fruits)\nfruit_list[0] = \"orange\"\nfruits = tuple(fruit_list)\nprint(fruits)  # Output: (\"orange\", \"banana\", \"cherry\")"
        },
        {
          "title": "Looping Through Tuples",
          "videoUrl": "videos/tuple_looping.mp4",
          "description": "Iterate through tuples using for loops, just like with lists.",
          "codeExample": "fruits = (\"apple\", \"banana\", \"cherry\")\n\nfor fruit in fruits:\n    print(fruit)"
        },
        {
          "title": "Tuple Unpacking",
          "videoUrl": "videos/tuple_unpacking.mp4",
          "description": "Assign tuple items to variables in a single statement using tuple unpacking.",
          "codeExample": "fruits = (\"apple\", \"banana\", \"cherry\")\n(a, b, c) = fruits\n\nprint(a)  # Output: \"apple\"\nprint(b)  # Output: \"banana\"\nprint(c)  # Output: \"cherry\""
        },
        {
          "title": "Tuple Methods",
          "videoUrl": "videos/tuple_methods.mp4",
          "description": "Python provides two built-in methods for tuples: count() and index().",
          "codeExample": "my_tuple = (1, 2, 3, 2, 4)\n\n# Count occurrences of 2\nprint(my_tuple.count(2))  # Output: 2\n\n# Find index of 3\nprint(my_tuple.index(3))  # Output: 2"
        },
        {
          "title": "Join Tuples",
          "videoUrl": "videos/tuple_joining.mp4",
          "description": "Combine tuples using the + operator to create a new tuple.",
          "codeExample": "tuple1 = (\"a\", \"b\")\ntuple2 = (1, 2)\ncombined = tuple1 + tuple2\n\nprint(combined)  # Output: (\"a\", \"b\", 1, 2)"
        },
        {
          "title": "Key Use Cases for Tuples",
          "videoUrl": "videos/tuple_use_cases.mp4",
          "description": "Tuples are useful for data integrity, as dictionary keys, and for passing fixed data sets to functions.",
          "codeExample": "# Data integrity - protect data from accidental modification\ncoordinates = (40.7128, -74.0060)\n\n# Dictionary keys - tuples can be used as keys (unlike lists)\nlocations = {\n    (35.6895, 139.6917): \"Tokyo\",\n    (40.7128, -74.0060): \"New York\"\n}\n\nprint(locations[(40.7128, -74.0060)])  # Output: \"New York\""
        }
      ]
    },
    {
      "title": "Dictionaries",
      "description": "In this module, you'll learn about dictionaries in Python - unordered collections of key-value pairs with unique keys.",
      "topics": [
        {
          "title": "Dictionary Creation",
          "videoUrl": "videos/dict_creation.mp4",
          "description": "Dictionaries are created using curly braces or the dict() constructor. They store data as key-value pairs.",
          "codeExample": "# Using curly braces\nperson = {\"name\": \"John\", \"age\": 30, \"city\": \"New York\"}\nprint(person)  # Output: {\"name\": \"John\", \"age\": 30, \"city\": \"New York\"}\n\n# Using dict() constructor\ncar = dict(brand=\"Ford\", model=\"Mustang\", year=1964)\nprint(car)  # Output: {\"brand\": \"Ford\", \"model\": \"Mustang\", \"year\": 1964}"
        },
        {
          "title": "Dictionary Properties",
          "videoUrl": "videos/dict_properties.mp4",
          "description": "Dictionaries are unordered (though insertion order is preserved in Python 3.7+), changeable, and do not allow duplicate keys.",
          "codeExample": "# Unordered (but insertion order preserved in Python 3.7+)\nperson = {\"name\": \"John\", \"age\": 30, \"city\": \"New York\"}\nprint(person)  # Output: {\"name\": \"John\", \"age\": 30, \"city\": \"New York\"}\n\n# Changeable - can modify after creation\nperson[\"age\"] = 31\nprint(person)  # Output: {\"name\": \"John\", \"age\": 31, \"city\": \"New York\"}\n\n# No duplicate keys (duplicates overwrite previous values)\nperson = {\"name\": \"John\", \"age\": 30, \"age\": 31}\nprint(person)  # Output: {\"name\": \"John\", \"age\": 31}"
        },
        {
          "title": "Accessing Dictionary Items",
          "videoUrl": "videos/dict_accessing.mp4",
          "description": "Access values using keys in square brackets or the get() method, which returns None if the key doesn't exist.",
          "codeExample": "person = {\"name\": \"Alice\", \"age\": 25}\n\n# Using square brackets\nprint(person[\"name\"])  # Output: \"Alice\"\n\n# Using get() (returns None if key doesn't exist)\nprint(person.get(\"age\"))  # Output: 25\nprint(person.get(\"job\"))  # Output: None"
        },
        {
          "title": "Dictionary Length",
          "videoUrl": "videos/dict_length.mp4",
          "description": "Use the len() function to get the number of key-value pairs in a dictionary.",
          "codeExample": "person = {\"name\": \"John\", \"age\": 30}\nprint(len(person))  # Output: 2"
        },
        {
          "title": "Modifying Dictionaries",
          "videoUrl": "videos/dict_modifying.mp4",
          "description": "Change values by assigning to existing keys, add items by assigning to new keys, or update with another dictionary using update().",
          "codeExample": "student = {\"name\": \"Emma\", \"grade\": \"A\"}\n\n# Change value\nstudent[\"grade\"] = \"A+\"\n\n# Add new key-value\nstudent[\"subject\"] = \"Math\"\n\n# Update with another dict\nstudent.update({\"age\": 18, \"school\": \"XYZ\"})\n\nprint(student)  # Output: {'name': 'Emma', 'grade': 'A+', 'subject': 'Math', 'age': 18, 'school': 'XYZ'}"
        },
        {
          "title": "Removing Dictionary Items",
          "videoUrl": "videos/dict_removing.mp4",
          "description": "Remove items from a dictionary using pop(), popitem(), del, or clear() methods.",
          "codeExample": "person = {\"name\": \"John\", \"age\": 30, \"city\": \"New York\"}\n\nperson.pop(\"age\")     # Removes \"age\" key\nperson.popitem()      # Removes last inserted item (Python 3.7+)\ndel person[\"name\"]    # Deletes \"name\" key\nperson.clear()        # Empties the dictionary\n\nprint(person)  # Output: {}"
        },
        {
          "title": "Looping Through Dictionaries",
          "videoUrl": "videos/dict_looping.mp4",
          "description": "Iterate through dictionaries using keys(), values(), or items() methods to access keys, values, or key-value pairs.",
          "codeExample": "scores = {\"math\": 90, \"science\": 85, \"history\": 88}\n\n# Loop through keys\nfor subject in scores:\n    print(subject)\n\n# Loop through values\nfor score in scores.values():\n    print(score)\n\n# Loop through key-value pairs\nfor subject, score in scores.items():\n    print(f\"{subject}: {score}\")"
        },
        {
          "title": "Dictionary Methods",
          "videoUrl": "videos/dict_methods.mp4",
          "description": "Python provides several built-in methods for dictionaries, including clear(), copy(), fromkeys(), get(), items(), keys(), pop(), popitem(), setdefault(), update(), and values().",
          "codeExample": "# fromkeys()\nkeys = (\"a\", \"b\", \"c\")\ndefault_dict = dict.fromkeys(keys, 0)  # {\"a\": 0, \"b\": 0, \"c\": 0}\n\n# setdefault()\nperson = {\"name\": \"John\"}\nperson.setdefault(\"age\", 30)  # Adds \"age\":30 since key doesn't exist\n\nprint(person)  # Output: {'name': 'John', 'age': 30}"
        },
        {
          "title": "Dictionary Comprehension",
          "videoUrl": "videos/dict_comprehension.mp4",
          "description": "Create dictionaries dynamically using dictionary comprehension, similar to list comprehension.",
          "codeExample": "# Squares of numbers\nsquares = {x: x**2 for x in range(1, 6)}\nprint(squares)  # Output: {1: 1, 2: 4, 3: 9, 4: 16, 5: 25}\n\n# Conditional filtering\neven_squares = {x: x**2 for x in range(10) if x % 2 == 0}\nprint(even_squares)  # Output: {0: 0, 2: 4, 4: 16, 6: 36, 8: 64}"
        },
        {
          "title": "Nested Dictionaries",
          "videoUrl": "videos/dict_nested.mp4",
          "description": "Dictionaries can contain other dictionaries, allowing for complex data structures.",
          "codeExample": "employees = {\n    \"emp1\": {\"name\": \"John\", \"job\": \"developer\"},\n    \"emp2\": {\"name\": \"Lisa\", \"job\": \"manager\"}\n}\n\nprint(employees[\"emp1\"][\"job\"])  # Output: \"developer\""
        },
        {
          "title": "Key Use Cases for Dictionaries",
          "videoUrl": "videos/dict_use_cases.mp4",
          "description": "Dictionaries are ideal for JSON-like data, fast lookups, and keyword argument passing in functions.",
          "codeExample": "# JSON-like data\nperson = {\n    \"name\": \"John\",\n    \"age\": 30,\n    \"hobbies\": [\"reading\", \"traveling\"]\n}\n\n# Fast lookups (O(1) average time complexity)\nprint(person[\"name\"])  # Output: John\n\n# Keyword arguments in functions\ndef print_person(**kwargs):\n    for key, value in kwargs.items():\n        print(f\"{key}: {value}\")\n\nprint_person(name=\"John\", age=30)  # Output: name: John, age: 30"
        }
      ]
    },
    {
      "title": "Sets",
      "description": "In this module, you'll learn about sets in Python - unordered collections of unique elements with no duplicate values.",
      "topics": [
        {
          "title": "Set Creation",
          "videoUrl": "videos/set_creation.mp4",
          "description": "Sets are created using curly braces or the set() constructor. Empty sets require set(), not {} (which creates an empty dictionary).",
          "codeExample": "# Using curly braces\nfruits = {\"apple\", \"banana\", \"cherry\"}\nprint(fruits)  # Output: {\"apple\", \"banana\", \"cherry\"} (order may vary)\n\n# Using set() constructor\ncolors = set([\"red\", \"green\", \"blue\"])\nprint(colors)  # Output: {\"red\", \"green\", \"blue\"}\n\n# Empty set requires set()\nempty_set = set()\nprint(type(empty_set))  # Output: <class 'set'>"
        },
        {
          "title": "Set Properties",
          "videoUrl": "videos/set_properties.mp4",
          "description": "Sets are unordered, unchangeable (but you can add/remove items), and do not allow duplicate values. Items cannot be accessed by index.",
          "codeExample": "# Unordered - items have no defined order\nfruits = {\"apple\", \"banana\", \"cherry\"}\nprint(fruits)  # Order may vary\n\n# No duplicates - duplicate values are automatically removed\nnumbers = {1, 2, 2, 3, 3}\nprint(numbers)  # Output: {1, 2, 3}\n\n# No indexing - items cannot be accessed by index\n# This will cause an error:\n# print(fruits[0])"
        },
        {
          "title": "Important Notes About Sets",
          "videoUrl": "videos/set_notes.mp4",
          "description": "Sets automatically remove duplicates and can only contain immutable (hashable) types like strings, numbers, and tuples.",
          "codeExample": "# Sets automatically remove duplicates\nnumbers = {1, 2, 2, 3, 3}\nprint(numbers)  # Output: {1, 2, 3}\n\n# Sets can only contain immutable (hashable) types\nvalid_set = {\"apple\", 42, True, (1, 2)}\nprint(valid_set)  # Output: {'apple', 42, True, (1, 2)}\n\n# This will cause an error (lists are mutable):\n# invalid_set = {{1, 2}}  # TypeError: unhashable type: 'set'"
        },
        {
          "title": "Accessing Set Items",
          "videoUrl": "videos/set_accessing.mp4",
          "description": "Since sets are unordered, you cannot access items by index. Use for loops to iterate through items or the 'in' keyword to check for membership.",
          "codeExample": "fruits = {\"apple\", \"banana\", \"cherry\"}\n\n# Loop through items (order not guaranteed)\nfor fruit in fruits:\n    print(fruit)\n\n# Check if item exists\nprint(\"apple\" in fruits)  # Output: True\nprint(\"orange\" in fruits)  # Output: False"
        },
        {
          "title": "Adding/Removing Set Items",
          "videoUrl": "videos/set_add_remove.mp4",
          "description": "Add items to sets using add() or update(), and remove items using remove(), discard(), pop(), or clear().",
          "codeExample": "letters = {\"a\", \"b\"}\n\nletters.add(\"c\")           # {\"a\", \"b\", \"c\"}\nletters.update([\"d\", \"e\"])  # {\"a\", \"b\", \"c\", \"d\", \"e\"}\nletters.remove(\"a\")        # {\"b\", \"c\", \"d\", \"e\"}\nletters.discard(\"f\")       # No error (item doesn't exist)\nletters.pop()              # Random item removed (sets are unordered)\nletters.clear()            # Empty set"
        },
        {
          "title": "Set Operations",
          "videoUrl": "videos/set_operations.mp4",
          "description": "Sets support mathematical operations like union, intersection, difference, and symmetric difference using methods or operators.",
          "codeExample": "A = {1, 2, 3}\nB = {3, 4, 5}\n\n# Union - all unique items from both sets\nprint(A | B)        # Output: {1, 2, 3, 4, 5}\nprint(A.union(B))   # Output: {1, 2, 3, 4, 5}\n\n# Intersection - items common to both sets\nprint(A & B)        # Output: {3}\nprint(A.intersection(B))  # Output: {3}\n\n# Difference - items in A not in B\nprint(A - B)        # Output: {1, 2}\nprint(A.difference(B))  # Output: {1, 2}\n\n# Symmetric difference - items not common to both sets\nprint(A ^ B)        # Output: {1, 2, 4, 5}\nprint(A.symmetric_difference(B))  # Output: {1, 2, 4, 5}"
        },
        {
          "title": "Set Comparisons",
          "videoUrl": "videos/set_comparisons.mp4",
          "description": "Compare sets using issubset(), issuperset(), and isdisjoint() methods or their operator equivalents.",
          "codeExample": "X = {1, 2}\nY = {1, 2, 3}\nZ = {4, 5}\n\n# Check if X is a subset of Y\nprint(X.issubset(Y))    # Output: True\nprint(X <= Y)           # Output: True\n\n# Check if Y is a superset of X\nprint(Y.issuperset(X))  # Output: True\nprint(Y >= X)           # Output: True\n\n# Check if X and Z have no common items\nprint(X.isdisjoint(Z))  # Output: True"
        },
        {
          "title": "Set Methods Summary",
          "videoUrl": "videos/set_methods.mp4",
          "description": "Python provides a comprehensive set of methods for working with sets, including add(), clear(), copy(), difference(), difference_update(), discard(), intersection(), intersection_update(), isdisjoint(), issubset(), issuperset(), pop(), remove(), symmetric_difference(), symmetric_difference_update(), union(), and update().",
          "codeExample": "A = {1, 2, 3}\nB = {3, 4, 5}\n\n# Create a copy\nC = A.copy()\nprint(C)  # Output: {1, 2, 3}\n\n# Update with intersection\nA.intersection_update(B)\nprint(A)  # Output: {3}\n\n# Update with symmetric difference\nA = {1, 2, 3}\nA.symmetric_difference_update(B)\nprint(A)  # Output: {1, 2, 4, 5}"
        },
        {
          "title": "Frozen Sets",
          "videoUrl": "videos/set_frozen.mp4",
          "description": "Frozen sets are immutable versions of sets, created with frozenset(). They can be used as dictionary keys or elements of other sets.",
          "codeExample": "# Create a frozen set\nimmutable_set = frozenset([\"a\", \"b\", \"c\"])\nprint(immutable_set)  # Output: frozenset({'a', 'b', 'c'})\n\n# These operations are allowed (return new frozensets):\nnew_set = immutable_set.union({\"d\"})\nprint(new_set)  # Output: frozenset({'a', 'b', 'c', 'd'})\n\n# These are NOT allowed:\n# immutable_set.add(\"d\")  # AttributeError: 'frozenset' object has no attribute 'add'"
        },
        {
          "title": "Set Use Cases",
          "videoUrl": "videos/set_use_cases.mp4",
          "description": "Sets are useful for removing duplicates, membership testing, and mathematical operations.",
          "codeExample": "# Remove duplicates from a list\nnumbers = [1, 2, 2, 3, 3, 4, 5]\nunique = list(set(numbers))\nprint(unique)  # Output: [1, 2, 3, 4, 5] (order may vary)\n\n# Membership testing (faster than lists)\nlarge_set = set(range(1000000))\nprint(999999 in large_set)  # Output: True (very fast)\n\n# Mathematical operations\nmath_students = {\"Alice\", \"Bob\", \"Charlie\"}\ncs_students = {\"Bob\", \"David\", \"Eve\"}\n\n# Students taking both math and CS\nboth = math_students & cs_students\nprint(both)  # Output: {'Bob'}\n\n# All students in either subject\nall_students = math_students | cs_students\nprint(all_students)  # Output: {'Alice', 'Bob', 'Charlie', 'David', 'Eve'}"
        }
      ]
    }
  ]
}